1711103964.2945387.png,212,138,107.52556837372288,72.47443162627712
1710757622.2550716.png,328,189,88.42525493424682,91.57474506575318
1711104044.4031615.png,339,171,86.48138853466281,93.51861146533719
1711103965.2012222.png,244,172,103.86102756302115,76.13897243697885
1710758510.0808628.png,369,221,79.28687697720896,100.71312302279104
1711104060.871294.png,341,178,86.02225935428774,93.97774064571226
1710758641.3789623.png,484,244,55.203973721731685,124.79602627826831
1710758652.5789888.png,276,232,100.06068979532297,79.93931020467703
1710757602.5188644.png,151,221,123.1248360202999,56.875163979700105
1710758704.7407608.png,219,207,110.30262766235619,69.69737233764381
1711104028.300761.png,107,225,129.87180895814717,50.12819104185283
1710757369.0432122.png,282,211,98.04062437456058,81.95937562543942
1711104045.6645532.png,49,235,137.88455708254256,42.11544291745744
1710757288.7868803.png,350,249,82.6004053401129,97.3995946598871
1711104029.0196457.png,23,225,139.3510779515739,40.6489220484261
1710757527.877069.png,254,266,107.14034930475773,72.85965069524227
1711104081.1278832.png,63,227,135.44936944870796,44.550630551292045
1711104088.2736976.png,284,215,97.73621901204025,82.26378098795975
1711103998.3307226.png,403,199,73.5442473154172,106.4557526845828
1711104089.3815403.png,352,127,84.82020602924273,95.17979397075727
1710757207.9370446.png,304,220,93.52145337692225,86.47854662307775
1710758489.595271.png,420,203,70.14986864872036,109.85013135127964
1711103963.5659447.png,365,148,82.28104645671007,97.71895354328993
1711104080.6896882.png,227,198,108.25189583707854,71.74810416292146
1711104061.7289243.png,59,255,139.23639479905884,40.76360520094116
1710757550.4512908.png,407,264,68.06151953229354,111.93848046770646
1710758651.3568475.png,332,277,86.6169942086694,93.3830057913306
1711104089.2829576.png,533,206,52.139495949178105,127.8605040508219
1710757504.0874605.png,327,291,87.87890360333854,92.12109639666146
1711104027.3685517.png,302,164,93.26016063787488,86.73983936212512
1710758696.0910335.png,467,304,50.13044704765996,129.86955295234003
1710758702.3357902.png,179,316,130.6874968560611,49.3125031439389
1711103963.350798.png,343,156,85.93951845838333,94.06048154161667
1710758521.8116407.png,486,218,57.64215232788986,122.35784767211014
1711103964.9991884.png,192,189,113.74289587726619,66.25710412273381
1710758694.5174801.png,251,253,106.90742338070909,73.09257661929091
1710757328.7192764.png,436,294,58.05002855366685,121.94997144633315
1711103998.4354787.png,412,184,72.73419050498542,107.26580949501458
1710757403.495831.png,360,223,81.15334831195887,98.84665168804113
1711104029.3212256.png,128,167,121.5257242043493,58.4742757956507
1710757282.8364947.png,323,207,89.37040139158974,90.62959860841026
1710758653.8004436.png,330,209,87.88672341760869,92.11327658239131
1710758638.985873.png,271,268,103.01435353915964,76.98564646084036
1711103998.743553.png,373,147,80.95670332595138,99.04329667404862
1710758712.1224413.png,272,145,98.15404542819607,81.84595457180393
1711104044.8935723.png,302,172,93.34465031826588,86.65534968173412
1711103984.0059707.png,139,140,118.0287363491263,61.971263650873695
1711103965.5060163.png,276,178,98.28940438902568,81.71059561097432
1711103983.6752172.png,283,153,96.45555221991668,83.54444778008332
1711104028.5097878.png,24,207,137.3147379663301,42.685262033669886
1710757298.022681.png,485,249,54.46232220802562,125.53767779197437
1711103983.7906213.png,230,144,104.99507912917599,75.00492087082401
1710757509.5952713.png,547,255,44.746480506227975,135.25351949377202
1710758510.985684.png,380,224,76.80938928779315,103.19061071220685
1710758486.2336032.png,383,219,76.42956561483852,103.57043438516148
1711104015.366647.png,245,163,103.31101916886723,76.68898083113277
1710758653.187492.png,262,209,102.08031761675502,77.91968238324498
1710757501.6680365.png,302,258,94.63546342690265,85.36453657309735
1711104062.56677.png,562,212,47.918434720781555,132.08156527921844
1710757336.1908364.png,323,269,89.18542295024028,90.81457704975972
1710757339.4871144.png,486,216,57.83881627990081,122.16118372009919
1710757608.692699.png,352,177,83.97130815442492,96.02869184557508
1711103999.3636098.png,234,125,103.6177558404581,76.3822441595419
1710758689.1115427.png,246,213,105.4909024729344,74.5090975270656
1711103982.8866122.png,351,212,83.40182654494072,96.59817345505928
1710757285.3710346.png,365,209,80.57196610596193,99.42803389403807
1710757623.5593786.png,412,207,71.37637201439455,108.62362798560545
1710758664.7408497.png,136,283,133.04578404264032,46.95421595735968
1710758568.927607.png,252,200,103.65041913475699,76.34958086524301
1710757531.9017746.png,319,279,90.28505127758383,89.71494872241617
1710758553.9993963.png,629,241,37.72061730835451,142.27938269164548
1710758514.9749656.png,412,259,67.3985462915293,112.6014537084707
1710757587.233299.png,180,303,128.34260302705417,51.65739697294583
1711104028.8194032.png,12,221,139.9392155421262,40.06078445787381
1711104045.85366.png,243,167,103.82068474261749,76.17931525738251
1710757598.8706238.png,278,215,99.00593165639603,80.99406834360397
1711104029.733335.png,35,184,133.9153557913011,46.084644208698904
1710758547.614642.png,413,313,60.887168502763956,119.11283149723604
1710757562.3708427.png,176,320,131.98721249581666,48.012787504183336
1710758541.0298843.png,431,266,62.58461008057252,117.41538991942748
1710758526.0477793.png,298,166,94.00780454237234,85.99219545762766
1711103983.5641854.png,337,172,86.84077616571129,93.15922383428871
1711103982.653349.png,336,234,86.27868673525025,93.72131326474975
1711103963.2397432.png,364,173,81.84377098121024,98.15622901878976
1710758508.980426.png,372,219,78.73228990559777,101.26771009440223
1710758684.3348968.png,62,311,146.77364718315187,33.226352816848134
1710757340.4821773.png,414,206,71.06466407828576,108.93533592171424
1710758704.1356144.png,174,205,117.96423885094354,62.035761149056455
1710757601.1675198.png,321,207,89.79012628843246,90.20987371156754
1711103999.7665915.png,111,155,122.7441355831092,57.2558644168908
1710758642.341068.png,400,169,75.57428970925152,104.42571029074848
1710757291.3447578.png,435,280,60.10109816138544,119.89890183861456
1711104081.688312.png,272,144,98.13010235415598,81.86989764584402
1710757506.3372853.png,310,293,93.06102979941765,86.93897020058235
1710758662.6405358.png,5,358,158.8285352176526,21.171464782347414
1710758545.0669005.png,300,298,96.27107744950115,83.72892255049885
1711104080.3379536.png,264,131,99.11588683285602,80.88411316714398
1711104082.2203958.png,636,277,32.716894556363556,147.28310544363643
1710758504.920012.png,432,223,66.45254019894058,113.54745980105942
1710757580.969245.png,265,278,105.23111544534468,74.76888455465532
1711104092.5182898.png,636,262,34.600761887612784,145.39923811238722
1710757390.239222.png,368,309,74.32047587758075,105.67952412241925
1710757399.7908373.png,605,254,38.41379954898096,141.58620045101904
1710757611.1655064.png,382,213,76.92704612329923,103.07295387670077
1711104061.4491706.png,156,212,121.46414363086576,58.53585636913424
1710757578.7224915.png,245,237,107.15242174021184,72.84757825978816
1711103965.9168808.png,166,213,119.97544656953137,60.02455343046863
1711104081.4636793.png,110,186,125.53767779197437,54.462322208025626
1711104092.3087924.png,456,217,62.65605116513636,117.34394883486364
1711104027.2485695.png,308,162,92.16107948822638,87.83892051177362
1710758702.9337099.png,176,247,121.71713287928421,58.28286712071579
1710757396.9430757.png,633,302,29.626460977420926,150.37353902257908
1711104014.9753406.png,208,156,109.06919353734814,70.93080646265186
1710758693.0685866.png,232,228,109.24952587268173,70.75047412731827
1710757520.0274842.png,365,278,77.44116305905243,102.55883694094757
1710758501.1814384.png,496,211,56.80427550930662,123.19572449069338
1711103964.4954672.png,181,153,113.02920215418841,66.97079784581159
1710757502.9311583.png,296,280,96.84277341263095,83.15722658736905
1711103963.673117.png,345,153,85.62809341737814,94.37190658262186
1711104089.5798213.png,85,166,126.81146239888095,53.18853760111905
1711104014.6802673.png,154,147,116.49618609063218,63.50381390936782
1711104062.6679902.png,613,207,42.97625616076584,137.02374383923416
1710757617.8425357.png,372,202,79.40523428766286,100.59476571233714
1710757185.862583.png,317,206,90.6273009872256,89.3726990127744
1710758656.831843.png,413,277,65.38615459958083,114.61384540041917
1711104015.4631262.png,270,155,98.74616226255522,81.25383773744478
1711104060.990587.png,338,176,86.6114430092765,93.3885569907235
1710757585.1252148.png,239,305,114.83739600921396,65.16260399078604
1710757577.6278834.png,279,245,99.8966719676691,80.1033280323309
1710757522.086071.png,142,244,127.02496027000711,52.975039729992886
1711104044.5274496.png,333,187,87.45953259538967,92.54046740461033
1710758528.9762533.png,342,199,85.52334125158939,94.47665874841061
1710758712.731127.png,305,188,92.94069146878644,87.05930853121356
1710757333.601744.png,378,287,73.27352393368756,106.72647606631244
1710758690.6751614.png,288,262,98.35075253233141,81.64924746766859
1711104013.5944347.png,371,179,80.38340842995005,99.61659157004995
1710757172.8017883.png,320,203,90.0,90.0
1711104091.9882705.png,169,189,117.42481416345802,62.575185836541976
1711103982.5332932.png,365,200,80.86982351772131,99.13017648227869
1711104030.1340442.png,337,186,86.69066372393668,93.30933627606332
1710757356.0797713.png,296,200,94.89909245378777,85.10090754621223
1711104045.240742.png,112,233,130.10090754621226,49.899092453787745
1711104045.240742.png,52,234,137.45085263777105,42.54914736222895
1711104061.0995724.png,326,193,88.8023532853916,91.1976467146084
1711104080.7963014.png,206,191,111.52743295168231,68.47256704831769
1710758527.3102503.png,183,166,113.57191917109893,66.42808082890107
1710758530.6843133.png,366,192,80.92524197899132,99.07475802100868
1710758518.7062392.png,385,206,76.65462822633827,103.34537177366173
1711103983.2326608.png,387,193,76.85966689073096,103.14033310926904
1710758659.97996.png,15,267,145.07106695884988,34.92893304115012
1710758548.5089784.png,633,353,22.084893712738825,157.91510628726118
1710757586.1383562.png,141,300,134.8404021411533,45.159597858846695
1710758495.7011762.png,341,269,84.31629366461553,95.68370633538447
1710757594.0141966.png,258,239,104.42714428054968,75.57285571945032
1711104015.5624974.png,211,199,111.20129079709892,68.79870920290108
1710758498.4230006.png,364,233,79.89941569443583,100.10058430556417
1710757573.6245909.png,221,291,117.64597536373869,62.354024636261315
1710757294.1784153.png,363,284,77.62604537194599,102.37395462805401
1711104014.3322618.png,207,131,107.94103192430326,72.05896807569674
1710757615.385736.png,363,206,81.08107138204616,98.91892861795384
1710757374.1544032.png,361,214,81.2376524894253,98.7623475105747
1710758690.072886.png,245,221,106.14971009174361,73.85028990825639
1710758544.17033.png,290,288,98.88065915052024,81.11934084947976
1710758537.4668093.png,250,171,102.76418788246062,77.23581211753938
1710757603.9267871.png,250,199,103.98825706414378,76.01174293585622
1710757337.4886017.png,470,221,59.92269768657298,120.07730231342703
1710758688.2993798.png,142,288,132.83308531681337,47.16691468318663
1710758525.4425535.png,362,152,82.70305384602484,97.29694615397516
1711104015.6634603.png,229,167,106.21098758253653,73.78901241746347
1711103963.9905484.png,296,123,93.84603009004738,86.15396990995262
1710757600.02236.png,291,168,95.31031157451106,84.68968842548894
1710758543.1195443.png,435,263,62.078471654873795,117.9215283451262
1711103999.8664587.png,415,120,75.21727395738434,104.78272604261566
1710758526.647712.png,137,195,122.70473357700185,57.295266422998154
1711104045.1282885.png,86,166,126.69432379444402,53.30567620555598
1711104014.542412.png,203,121,108.05106324732765,71.94893675267235
1710758534.048266.png,312,170,91.47827265668887,88.52172734331113
1710758706.3654363.png,258,150,100.64061970241059,79.35938029758941
1710758520.7696216.png,494,181,59.803171407883035,120.19682859211696
1710757398.392401.png,634,276,33.01103822786214,146.98896177213786
1710757404.7029748.png,276,181,98.37140275982462,81.62859724017538
1710757607.5353107.png,375,172,79.8753283446022,100.1246716553978
1710757505.239732.png,334,249,86.53177074108285,93.46822925891715
1710757595.2128708.png,266,198,100.84030545433056,79.15969454566944
1710758550.494709.png,631,386,16.817484177164953,163.18251582283506
1710758540.017289.png,371,233,78.33364425732232,101.66635574267768
1711103998.217185.png,408,216,71.56505117707799,108.43494882292201
1710758517.8096197.png,319,258,90.2580873513362,89.7419126486638
1710757588.4786992.png,164,293,129.8356950534817,50.164304946518314
1711104046.0534558.png,588,189,47.356100260739254,132.64389973926075
1710758496.5066469.png,306,277,93.94518622903756,86.05481377096244
1710758654.7079232.png,353,224,82.65472224883592,97.34527775116408
1711104013.812027.png,316,158,90.71171220603568,89.28828779396432
1710757592.4644291.png,215,226,112.45950774145635,67.54049225854365
1711104062.0569954.png,112,231,129.87340347515098,50.12659652484902
1710758538.3572729.png,279,192,98.10224830700022,81.89775169299978
1711103982.410901.png,346,170,85.2057679333694,94.7942320666306
1710758697.055452.png,403,270,68.43418038458468,111.56581961541532
1711104062.3610406.png,312,139,91.34393598338661,88.65606401661339
1711103963.7799902.png,357,116,84.19591369634291,95.80408630365709
1710758522.8025813.png,424,163,71.83659312276251,108.16340687723749
1710757621.1470342.png,276,148,97.54942176826327,82.45057823173673
1710758692.4673014.png,239,236,108.36447434491676,71.63552565508324
1711104045.5627253.png,19,227,139.95188879551677,40.048111204483234
1711104013.703653.png,356,146,83.84815662071445,96.15184337928555
1710757352.5770063.png,427,190,69.7476781426654,110.2523218573346
1711104014.4319558.png,227,104,103.89273524075443,76.10726475924557
1710757515.515978.png,323,204,89.37724431279368,90.62275568720632
1711104092.0905464.png,232,99,103.00559930654396,76.99440069345604
1711104013.2524674.png,431,106,73.46956189534446,106.53043810465554
1711104013.4832077.png,431,106,73.46956189534446,106.53043810465554
1710757361.3213565.png,303,170,93.13888263388357,86.86111736611643
1710758491.2093475.png,397,197,74.77914910356985,105.22085089643015
1710758514.074344.png,503,238,52.903488719025496,127.09651128097451
1711104044.7749174.png,304,158,92.8446556047734,87.1553443952266
1711104062.465283.png,440,143,70.40004559466415,109.59995440533585
1710758639.7306209.png,315,264,91.3260543767049,88.6739456232951
1710758536.5665033.png,262,180,100.94218540900937,79.05781459099063
1710758708.6683571.png,174,157,114.32355756896767,65.67644243103233
1710758708.6683571.png,174,157,114.32355756896767,65.67644243103233
1710758691.8750608.png,395,231,73.23744553816725,106.76255446183275
1710757223.272082.png,301,227,94.29478325702267,85.70521674297733
1710757579.7683005.png,274,257,101.65538087777206,78.34461912222794
1711104044.6511528.png,331,175,87.93449008069682,92.06550991930318
1711104027.8510926.png,289,168,95.67422641466952,84.32577358533048
1710757571.674313.png,136,299,135.4709136111949,44.5290863888051
1710758645.6343255.png,472,210,60.622100262710894,119.37789973728911
1710758569.6739702.png,292,201,95.73092520886517,84.26907479113483
1711103998.539949.png,401,176,75.08031414428514,104.91968585571486
1711104080.5779607.png,257,163,101.24039879515543,78.75960120484457
1711103964.3953536.png,225,126,105.02204311584983,74.97795688415017
1710758549.4037921.png,634,422,10.465338428600651,169.53466157139934
1710757605.181379.png,313,193,91.39718102729638,88.60281897270362
1710757284.1296165.png,351,209,83.4742355280489,96.5257644719511
1711104089.4817564.png,174,143,113.42392134144188,66.57607865855812
1711103983.8991764.png,190,125,110.11258828907549,69.88741171092451
1710757384.9305727.png,263,240,103.36021844476448,76.63978155523552
1710757517.0721345.png,249,235,106.16137250672043,73.83862749327957
1711103999.0526662.png,217,137,106.71456805805005,73.28543194194995
1710758697.6552794.png,194,255,119.24882633654698,60.75117366345302
1710758659.3596601.png,4,318,152.8576809055576,27.1423190944424
1710757517.9687274.png,294,264,96.86369191462704,83.13630808537296
1710758707.3398294.png,331,140,88.14695936917349,91.85304063082651
1710757303.354315.png,475,238,57.36060601070024,122.63939398929976
1711103998.103797.png,407,169,74.37142142886624,105.62857857113376
1710757391.5906732.png,331,311,86.27594202725172,93.72405797274828
1711103983.3435254.png,403,124,76.87615366002063,103.12384633997937
1711104061.9549062.png,18,209,138.09675268241668,41.90324731758332
1711103999.669157.png,112,169,123.77501302269383,56.22498697730617
1711104081.2416928.png,35,186,134.10946374663942,45.89053625336058
1711103964.7954774.png,98,187,127.15045145125332,52.84954854874668
1711103983.0050035.png,403,203,73.31973416197116,106.68026583802884
1711104092.4147897.png,403,203,73.31973416197116,106.68026583802884
1711104092.4147897.png,580,166,50.374377372324375,129.62562262767563
1710757327.2742057.png,423,276,63.210700341698306,116.7892996583017
1710757500.4526188.png,421,243,66.91822029191968,113.08177970808032
1711103998.6416302.png,417,138,74.1652990531456,105.8347009468544
1711104092.2008598.png,318,108,90.30803885739986,89.69196114260014
1711104028.406647.png,63,201,132.6496268354513,47.3503731645487
1710758644.2053807.png,500,227,54.56957737947343,125.43042262052657
1710758551.6915276.png,632,372,19.093492000485615,160.9065079995144
1711104081.3511956.png,38,189,134.10014028509562,45.89985971490438
1711104045.4583297.png,14,244,142.35908768201523,37.64091231798477
1710757204.3738072.png,320,203,90.0,90.0
1711104014.780336.png,210,129,107.40048568633811,72.59951431366189
1710758650.152192.png,327,174,88.6895407905505,91.3104592094495
1710757609.8508372.png,374,168,80.1806993612421,99.8193006387579
1710758682.5368245.png,167,247,123.290998898136,56.709001101864004
1711104045.9527047.png,417,144,73.89707485870106,106.10292514129894
1711104060.630725.png,340,156,86.46770541610911,93.53229458389089
1710757400.8981712.png,622,253,36.930560174276046,143.06943982572395
1710758648.9469416.png,468,187,63.200771191567476,116.79922880843253
1710757299.3218422.png,447,230,63.06943046734729,116.93056953265271
1710757406.707362.png,249,198,104.13181598898234,75.86818401101766
1710758664.1393647.png,168,255,124.0412119314979,55.9587880685021
1710757200.7007143.png,330,200,87.95459151111277,92.04540848888723
1711103965.4045274.png,258,161,100.99873335222118,79.00126664777882
1710758670.7176356.png,247,264,108.67334874884229,71.32665125115771
1711104046.262069.png,313,118,91.10779137666862,88.89220862333138
1711103964.6944249.png,191,136,110.55604521958347,69.44395478041653
1711104082.5519428.png,317,208,90.63191312182097,89.36808687817903
1711104013.132369.png,397,136,77.3830450072956,102.6169549927044
1710757350.5752401.png,374,182,79.72899627952093,100.27100372047907
1711103965.1006975.png,201,174,111.25050550713325,68.74949449286675
1710757300.6139605.png,391,238,73.64892180799251,106.35107819200749
1710758546.6716352.png,366,312,74.68718163919371,105.31281836080629
1711103999.5697372.png,194,139,110.27934528033164,69.72065471966836
1710758658.0413501.png,224,242,111.9672434068129,68.0327565931871
1711103964.1924095.png,238,140,103.55945187053405,76.44054812946595
1711104082.4392757.png,631,220,39.89605708702022,140.1039429129798
1710757530.798991.png,272,269,102.81600219365868,77.18399780634132
1710758710.7987719.png,159,172,117.59729586864374,62.40270413135626
1710757574.5702648.png,190,244,118.84805928536906,61.15194071463094
1711103965.815305.png,256,168,101.59217541029108,78.40782458970892
1710757575.6178508.png,192,250,119.09688879952802,60.90311120047198
1710758519.6183746.png,446,184,66.94172540056323,113.05827459943677
1711104027.4924686.png,306,152,92.4440680576354,87.5559319423646
1711103966.243576.png,67,232,135.5717951834732,44.4282048165268
1711104028.6147964.png,7,239,142.40487805509673,37.59512194490327
1711103963.126569.png,344,170,85.57302835252061,94.42697164747939
1710757287.0199192.png,372,236,77.96940390346214,102.03059609653786
1710758693.668881.png,241,249,108.88024384300716,71.11975615699284
1711104092.743319.png,91,225,131.9250830693841,48.0749169306159
1710758695.482353.png,274,263,101.96847565158382,78.03152434841618
1710758666.2027833.png,218,273,116.23193993315664,63.76806006684336
1710758534.995476.png,307,173,92.42475704403799,87.57524295596201
1711103982.7693198.png,372,199,79.51582460347099,100.48417539652901
1710757332.245977.png,399,274,69.01842365857863,110.98157634142137
1711103983.454306.png,403,164,75.28321506133643,104.71678493866357
1710758497.5678532.png,399,187,74.91047557434506,105.08952442565494
1710758691.2751813.png,281,214,98.34108007319023,81.65891992680977
1710758545.807835.png,335,310,84.95754893082909,95.04245106917091
1710758651.9777293.png,351,222,83.14846978176507,96.85153021823493
1710758703.5319104.png,143,248,127.34113400712961,52.65886599287039
1710757381.778346.png,276,215,99.42725747585921,80.57274252414079
1710758502.5875094.png,520,243,49.839587576297575,130.16041242370244
1710758681.9344208.png,132,289,134.54648087404203,45.45351912595797
1710758656.2253294.png,463,273,55.36245909843186,124.63754090156814
1711104015.7630796.png,288,131,95.23883275793543,84.76116724206457
1711104015.172151.png,227,170,106.69924423399362,73.30075576600638
1711104045.3502884.png,15,224,139.99177587028717,40.00822412971283
1710757528.784669.png,213,282,118.38696662407686,61.61303337592314
1710757359.6262505.png,289,168,95.67422641466952,84.32577358533048
1711104062.774704.png,277,152,97.46874393585598,82.53125606414402
1711104090.1754093.png,585,243,41.80752738706798,138.19247261293202
1710758672.876232.png,231,259,111.93538222623904,68.06461777376096
1711104082.3308191.png,636,204,41.13453883014825,138.86546116985176
1711104029.6326346.png,47,162,130.64577893693038,49.354221063069616
1710758555.2402976.png,544,188,52.507346666949665,127.49265333305033
1710758642.948026.png,392,165,77.12499844038753,102.87500155961247
1711104080.905774.png,106,178,125.32173994686606,54.67826005313394
1711103964.5948293.png,212,142,107.72006532229095,72.27993467770905
1711104080.2207196.png,289,146,95.30267991431298,84.69732008568702
1710757375.8599465.png,318,216,90.43405063213942,89.56594936786058
1710758555.9363682.png,487,174,61.37642316862451,118.62357683137549
1710757597.616837.png,263,184,100.89988509959389,79.10011490040611
1711103998.949186.png,282,140,96.37718062360737,83.62281937639263
1711103997.9822435.png,423,181,70.9921124793945,109.0078875206055
1711103998.846504.png,329,129,88.53119928561418,91.46880071438582
1711104028.921886.png,15,212,138.6945981734476,41.30540182655241
1710758698.260997.png,147,297,133.3909910939526,46.60900890604739
1711104081.015572.png,70,220,133.87669728592456,46.123302714075436
1711103964.897018.png,139,205,123.35218563270337,56.64781436729663
1711103606.0765016.png,379,127,80.51135910778362,99.48864089221638
1711104014.125676.png,238,160,104.37277868446186,75.62722131553814
1711104090.3171618.png,545,193,51.90454305704928,128.0954569429507
1710758638.3359704.png,296,240,95.71059313749964,84.28940686250036
1711103999.155627.png,196,156,110.94265054998827,69.05734945001173
1711103963.457956.png,355,150,83.94580810588516,96.05419189411484
1710757370.746908.png,302,196,93.62657178387961,86.37342821612039
1710757508.489262.png,432,207,67.69379494509236,112.30620505490764
1710757408.1532035.png,230,221,109.16184589377552,70.83815410622448
1710757295.3286154.png,435,225,65.72555886556054,114.27444113443946
1710757334.8971086.png,347,260,83.00323364286567,96.99676635713433
1710757533.1585646.png,293,297,98.3929251873925,81.6070748126075
1711104027.7350888.png,295,166,94.55216336999241,85.44783663000759
1711104028.0816617.png,186,173,113.58040699086084,66.41959300913916
1710757349.2623665.png,362,175,82.15940072854939,97.84059927145061
1710757324.8220232.png,370,262,77.08218715606606,102.91781284393394
1710757296.7768717.png,451,228,62.53272766139185,117.46727233860815
1711104089.1807823.png,610,247,38.78007629641288,141.2199237035871
1710758687.0898187.png,170,290,128.29016319224309,51.709836807756915
1710757511.598427.png,263,209,101.87800232475863,78.12199767524137
1711104013.9185917.png,297,158,94.08561677997488,85.91438322002512
1710757354.5840707.png,301,166,93.46272004936556,86.53727995063444
1710758663.542457.png,51,290,144.76568566076207,35.234314339237926
1710758563.144583.png,276,166,97.97676878752662,82.02323121247338
1711104028.7187648.png,29,229,139.22081894528648,40.77918105471352
1710757392.996804.png,634,396,14.976835939542092,165.0231640604579
1710758685.3411882.png,10,291,148.63028111050528,31.36971888949472
1710757572.6245835.png,196,247,118.02140981141768,61.97859018858232
1710758665.5990028.png,161,258,125.61085243866876,54.38914756133124
1710758568.307621.png,255,177,102.10767025676034,77.89232974323966
1710757365.3843124.png,286,185,96.5745725785958,83.4254274214042
1710758674.4890234.png,102,261,134.8688886052528,45.131111394747194
1710757513.758223.png,323,215,89.35139624110901,90.64860375889099
1710757606.3322818.png,395,165,76.6075022462489,103.3924977537511
1711103984.1096838.png,398,214,73.65711745655814,106.34288254344186
1710758490.4510677.png,421,215,69.1365515667228,110.8634484332772
1710757292.7870564.png,270,285,104.3813945910906,75.6186054089094
1710757409.5057206.png,257,203,102.81320595903743,77.18679404096257
1710758529.8791783.png,329,149,88.44249246763357,91.55750753236643
1710758517.066331.png,301,247,94.66187309523883,85.33812690476117
1711103982.2900436.png,354,186,83.4032617021058,96.5967382978942
1710757612.5710502.png,355,167,83.61962889215391,96.38037110784609
1710757525.761481.png,18,335,154.35282670752554,25.647173292474463
1711103965.3029792.png,212,226,113.0350444891853,66.9649555108147
1710758683.1359403.png,158,275,128.31733905400583,51.68266094599417
1710757620.1469362.png,269,180,99.64804531609816,80.35195468390184
1710758512.2278614.png,420,233,67.95902767478067,112.04097232521933
1711103965.7125885.png,264,189,100.89282960107766,79.10717039892234
1710758672.2639735.png,152,272,128.92754359279232,51.07245640720768
1710757394.3446476.png,627,372,19.381440221523263,160.61855977847674
1711104014.878236.png,210,147,108.27995610942958,71.72004389057042
1710758644.8242223.png,505,217,54.87660117421384,125.12339882578615
1710757347.6612906.png,390,191,76.38435420988438,103.61564579011562
1711104088.3951018.png,289,217,96.72247651183451,83.27752348816549
1710757589.7733514.png,97,254,134.61718311631816,45.38281688368184
1711103963.8869593.png,358,122,83.94101227602167,96.05898772397833
1710758673.482444.png,139,300,135.15871366471848,44.841286335281524
1710757518.9711146.png,340,278,84.3455791773593,95.6544208226407
1710757510.6484876.png,331,216,87.61405596961119,92.38594403038881
1710758531.4891024.png,496,192,58.57043438516149,121.42956561483851
1711104029.123414.png,23,174,134.1449026037333,45.8550973962667
1710758700.478894.png,188,294,125.36246188706906,54.63753811293094
1710757308.7951431.png,405,224,71.63222087609871,108.36777912390129
1710757395.642336.png,633,357,21.453399644227666,158.54660035577234
1711103983.1211777.png,475,106,67.48900016798308,112.51099983201692
1711104062.259605.png,193,138,110.37222878410215,69.62777121589785
1710757402.193793.png,487,224,56.881831424681955,123.11816857531804
1711103999.2582529.png,213,141,107.5174791771773,72.4825208228227
1711104082.1094735.png,628,244,37.46055486049069,142.53944513950933
1710757367.394779.png,286,192,96.73292132685961,83.26707867314039
1711104061.581952.png,42,225,137.4708928413975,42.5291071586025
1710758657.4327724.png,256,211,103.38289886298597,76.61710113701403
1710757614.0340557.png,365,170,81.74056202012119,98.25943797987881
1710758515.9209743.png,384,256,74.05460409907715,105.94539590092285
1711104029.5275214.png,142,169,119.78454607393081,60.21545392606919
1710757526.9118512.png,163,291,129.71599985802268,50.284000141977316
1710757534.205454.png,103,354,149.85861444792468,30.14138555207532
1710758661.436266.png,55,315,148.09189306434686,31.908106935653137
1710758492.9552827.png,397,233,72.68560813088749,107.31439186911251
1710757616.6893919.png,376,226,77.56676481190436,102.43323518809564
1711104029.4215226.png,147,166,118.85280457218869,61.14719542781131
1711104027.9667852.png,258,172,101.38146274835982,78.61853725164018
1711103965.6087897.png,212,219,112.47943439710312,67.52056560289688
1710757581.968515.png,235,238,109.35329820399531,70.64670179600469
1710757363.1756954.png,291,185,95.61442709904559,84.38557290095441
1710758711.4583535.png,166,165,116.05349531049094,63.946504689509055
1710758488.6911423.png,392,210,75.06858282186245,104.93141717813755
1710758483.5986629.png,596,276,36.46923439005187,143.53076560994813
1710758513.179871.png,514,240,51.050235822898784,128.9497641771012
1711104081.7976193.png,386,144,78.8869594640517,101.1130405359483
1711104028.193384.png,108,172,124.54009090707088,55.459909092929124
1711104015.073162.png,243,145,102.94464229127674,77.05535770872326
1710757523.1902506.png,196,284,122.31961650818018,57.680383491819825
1711104061.3288305.png,221,178,108.14989754533819,71.85010245466181
1711104015.2688267.png,259,161,100.82555940408014,79.17444059591986
1711103999.4675255.png,228,132,104.8083770390424,75.1916229609576
1710758701.7372997.png,135,254,129.3032097481676,50.6967902518324
1711104045.0080612.png,202,149,109.62092066608476,70.37907933391524
1710757576.6267536.png,214,235,113.39586984057095,66.60413015942905
1711104081.5739594.png,189,144,111.29986295035515,68.70013704964485
1711104061.8435965.png,4,234,142.09991964463165,37.900080355368345
1710758701.0817003.png,222,279,115.99211247939452,64.00788752060548
1710758556.628172.png,463,186,64.06196378602839,115.93803621397161
1710758649.543618.png,387,229,75.05437608287438,104.94562391712562
1711104013.3681736.png,384,166,78.47968005228897,101.52031994771103
1710758666.8089921.png,226,233,110.83516328377866,69.16483671622134
1710758662.0326502.png,41,252,140.74415832376715,39.25584167623285
1711103964.0901833.png,286,117,95.3509354900839,84.6490645099161
1710758499.3749743.png,454,193,64.97217846948375,115.02782153051625
1711103963.0081666.png,340,164,86.37851529588266,93.62148470411734
1710758532.343301.png,417,170,72.62493008295397,107.37506991704603
1710757281.4947205.png,278,181,97.99592044604016,82.00407955395984
1710757380.0303528.png,303,206,93.55029675828803,86.44970324171197
1710758484.5402427.png,511,215,54.21764420993867,125.78235579006133
1711104060.7509136.png,296,113,93.74153545243078,86.25846454756922
1711104080.461618.png,252,127,100.90358624071119,79.09641375928881
1711104082.001225.png,575,177,49.91656600601002,130.08343399398998
1710758683.733721.png,246,206,105.11347305957597,74.88652694042403
1710757301.9050758.png,465,226,60.279417166195266,119.72058283380474
1710757387.5394247.png,342,253,84.46439342864306,95.53560657135694
1710757543.9746356.png,141,300,134.8404021411533,45.159597858846695
1710757305.7485325.png,433,228,65.84793009389473,114.15206990610527
1710757311.9029672.png,352,222,82.92965517984241,97.07034482015759
1711104062.1616738.png,108,190,126.1680913490307,53.8319086509693
1710758539.0685842.png,336,196,86.7754773934801,93.2245226065199
1710758552.8876915.png,629,261,35.3266445675965,144.6733554324035
1711104014.2309268.png,211,140,107.77523915284029,72.22476084715971
1710758705.7626805.png,214,146,107.60763044810726,72.39236955189274
1710757584.1731632.png,283,258,99.46232220802563,80.53767779197437
1710758650.7497041.png,358,191,82.50927087614555,97.49072912385445
1710757330.4481423.png,399,257,70.4927954728031,109.5072045271969
1710758494.8061602.png,507,246,51.37006441239659,128.62993558760343
1710758707.950514.png,384,171,78.2983684856334,101.7016315143666
1710758667.4043014.png,263,245,103.63397278940437,76.36602721059563
1710758561.847422.png,338,176,86.6114430092765,93.3885569907235
1710758671.315473.png,198,258,118.79097507219203,61.209024927807974
1710757591.16939.png,138,251,128.4762666090496,51.52373339095041
1710758524.646767.png,351,172,84.25257255094797,95.74742744905203
1711104029.2228365.png,31,160,132.08598119562583,47.914018804374166
1710758485.38626.png,442,201,66.38139620293434,113.61860379706566
1710758494.0179484.png,494,262,51.40435272638415,128.59564727361584
1711104088.1456144.png,276,191,98.65675409661463,81.34324590338537
1710757520.9846506.png,256,197,102.7429965413463,77.2570034586537
1710757619.0989666.png,319,167,90.18305298584347,89.81694701415653
1710758686.489773.png,135,229,126.39213762629389,53.60786237370611
1710757372.295344.png,338,206,86.24144431452801,93.75855568547199
1710757383.377694.png,239,240,108.64953875405142,71.35046124594858
1710757507.5386636.png,352,264,81.57303097851933,98.42696902148067
1710757388.8867805.png,390,275,71.1468412355809,108.8531587644191
1710758542.172779.png,515,246,50.19442890773481,129.80557109226518
1710758655.4678755.png,394,227,73.6963235401564,106.3036764598436
1710757583.320907.png,255,267,106.97031901771665,73.02968098228335
1711104061.214137.png,269,194,100.11080362238458,79.88919637761542
1710758528.1166356.png,348,136,85.34664841273162,94.65335158726838
1710758709.6818013.png,192,129,110.03551517823075,69.96448482176925
1710758687.6952615.png,12,331,154.18387060574582,25.816129394254176
1711104081.9009337.png,480,166,62.99869497302156,117.00130502697844
1710757529.7902577.png,217,279,117.13231758693591,62.86768241306409
1711104027.6141121.png,289,133,95.1050904465923,84.8949095534077
1710758523.8031068.png,378,150,80.03164382952617,99.96835617047383
1710757512.6539733.png,285,219,97.63777694602365,82.36222305397635
1711104014.0219946.png,263,182,100.82846666818186,79.17153333181814
1710758640.425668.png,309,275,93.0714621170704,86.9285378829296
1710758533.247294.png,314,165,91.0912162252626,88.9087837747374
1710758492.061227.png,387,216,75.75967625705937,104.24032374294063
1711104045.760811.png,85,176,127.70496700021789,52.29503299978211
1711103966.3410556.png,351,197,83.74870776306538,96.25129223693462
1710758500.1717813.png,427,215,68.0124450363038,111.9875549636962
1710757524.2466345.png,7,329,154.24603180148756,25.75396819851244
1711970715.8719585.png,61,154,128.46638737759062,51.53361262240938
1711970340.1353555.png,222,205,109.61421868681776,70.38578131318224
1711970888.95963.png,225,193,108.31508335027561,71.68491664972439
1711970340.4994416.png,182,196,115.91583500244568,64.08416499755432
1711970888.4360645.png,180,172,114.44395478041653,65.55604521958347
1711970009.7602057.png,11,221,140.0306751409608,39.969324859039205
1711970008.9256246.png,30,254,142.0703448201576,37.9296551798424
1711971360.5234153.png,191,159,111.89367314172844,68.10632685827156
1711970670.8891656.png,443,211,65.427795227816,114.572204772184
1711970670.3591344.png,355,232,81.96695420944064,98.03304579055936
1711970857.316666.png,80,193,129.90361305597398,50.09638694402602
1711970670.6626406.png,364,155,82.2899109292615,97.7100890707385
1711971360.8982341.png,165,167,116.34496603860795,63.65503396139205
1711972593.920707.png,53,180,131.66908261954995,48.330917380450046
1711971360.5973797.png,196,172,111.92958775017536,68.07041224982464
1711970009.5953.png,26,199,136.29516219583832,43.704837804161684
1711972593.8529515.png,70,152,127.31447285161839,52.68552714838161
1711970857.6422243.png,135,172,120.99110535076643,59.00889464923357
1711970715.577266.png,38,174,132.6626941408762,47.3373058591238
1711970889.1096537.png,180,193,116.00334584451144,63.99665415548856
1711970889.1096537.png,225,179,107.51645789844379,72.48354210155621
1711971994.8656967.png,233,152,104.85528387886993,75.14471612113007
1711970888.5844147.png,222,162,107.12804747359667,72.87195252640333
1711972593.4569345.png,326,168,88.89829388479363,91.10170611520637
1711971397.4077358.png,255,127,100.43334413910478,79.56665586089522
1711970857.2431047.png,58,188,131.9003678794687,48.09963212053131
1711971360.7487147.png,196,170,111.80140948635182,68.19859051364818
1711971397.5561695.png,263,153,99.88798881557781,80.11201118442219
1711972593.653806.png,232,132,104.19109654902398,75.80890345097602
1711970009.5145993.png,14,210,138.57633437499737,41.42366562500263
1711970340.2819552.png,256,177,101.9267726387043,78.0732273612957
1711971995.017497.png,254,159,101.61852435279464,78.38147564720536
1711971995.0908346.png,253,172,102.27249657182907,77.72750342817093
1711970889.0360186.png,187,201,115.48725483076319,64.51274516923681
1711970889.1878016.png,215,205,110.89776549883887,69.10223450116113
1711971995.3786404.png,210,165,109.24952587268173,70.75047412731827
1711970340.7568092.png,109,198,126.80482580611812,53.19517419388188
1711971219.0339231.png,127,173,122.15611715311799,57.84388284688201
1711970340.2094562.png,222,191,108.73181549024672,71.26818450975328
1711970888.6587508.png,157,187,119.08779979612359,60.91220020387641
1711970857.534146.png,88,198,129.44396157687495,50.556038423125045
1711971219.4023283.png,139,186,121.61837431054217,58.381625689457834
1711970715.6514318.png,27,185,134.80511714776142,45.19488285223858
1711970340.8277547.png,80,222,132.9299693469589,47.0700306530411
1711971397.4817452.png,253,157,101.71869447716402,78.28130552283598
1711970670.9631183.png,418,160,72.97279266495207,107.02720733504793
1711972593.5217757.png,291,148,94.99208116609164,85.00791883390836
1711970340.3556275.png,247,174,103.4178088018085,76.5821911981915
1711970671.036487.png,382,168,78.76071580030232,101.23928419969768
1711970670.8113053.png,412,170,73.47047025636145,106.52952974363855
1711970670.4343045.png,334,180,87.32813540672741,92.67186459327259
1711971995.1630082.png,254,149,101.27664033394767,78.72335966605233
1711970715.7226744.png,21,216,138.55732659746408,41.44267340253592
1711972593.7871268.png,74,194,130.70013717980794,49.29986282019206
1711970670.7361403.png,389,186,76.79207153722089,103.20792846277911
1711970715.7977643.png,32,184,134.2151753970081,45.784824602991904
1711970888.360346.png,163,184,117.94172081218768,62.05827918781232
1711970670.5101154.png,317,162,90.54051018713066,89.45948981286934
1711971995.3073514.png,237,151,104.15910771029307,75.84089228970693
1711970857.1694686.png,89,168,126.5156778650296,53.4843221349704
1711971397.6316433.png,279,176,97.681043659971,82.318956340029
1711970009.2637808.png,51,240,138.26087077234573,41.739129227654274
1711971360.4488475.png,153,174,118.62357683137549,61.37642316862451
1711971219.3261378.png,148,183,120.07618677397615,59.92381322602385
1711970857.460401.png,109,175,124.67561199736923,55.32438800263077
1711972593.5868256.png,243,155,103.32892409938222,76.67107590061778
1711971995.2350066.png,233,161,105.25511870305779,74.74488129694221
1711971360.8231556.png,188,157,112.2282993587987,67.7717006412013
1711971360.6729286.png,187,163,112.7608925385199,67.2391074614801
1711970715.5043805.png,24,232,140.0424510691709,39.95754893082909
1711972593.7195122.png,181,148,112.71782728816815,67.28217271183185
1711972660.190214.png,8,263,145.18089173892457,34.81910826107543
1711970857.388647.png,71,178,129.50569405547103,50.494305944528975
1717783867.051729.png,61,234,136.47461518356752,43.52538481643248
1717783988.0817578.png,340,190,86.05481377096244,93.94518622903756
1717783988.0817578.png,294,189,95.10565336750749,84.89434663249251
1717784055.3909287.png,633,270,33.858708038291695,146.1412919617083
1717783896.956966.png,53,228,136.6554865391193,43.344513460880705
1717783867.830436.png,83,211,131.38137051985566,48.618629480144335
1717784269.9700744.png,121,214,126.80090817947057,53.19909182052943
1717783866.4743323.png,290,215,96.45881637871867,83.54118362128133
1717783901.6441078.png,178,164,114.19758170952046,65.80241829047954
1717784203.6282582.png,575,258,41.042446885872145,138.95755311412785
1717784054.0575376.png,250,183,103.26202330299841,76.73797669700159
1717783951.2365866.png,252,205,103.88907997430364,76.11092002569636
1717784265.0483658.png,279,144,96.95705558557721,83.04294441442279
1717784294.31313.png,632,325,26.417950654292454,153.58204934570756
1717783989.879222.png,258,200,102.48546749085716,77.51453250914284
1717784126.4167538.png,632,196,42.310229676849524,137.68977032315047
1717783868.0915527.png,230,185,106.96614810853619,73.03385189146381
1717783866.894894.png,75,235,135.0,45.0
1717783991.2181442.png,206,156,109.38451567935783,70.61548432064217
1717784206.9366326.png,633,264,34.60939573470275,145.39060426529724
1717783991.1671872.png,180,163,113.82818912205846,66.17181087794154
1717784055.6533003.png,622,213,41.480089943737674,138.51991005626232
1717783951.9670718.png,115,174,123.81950054265582,56.18049945734418
1717784055.44198.png,634,253,35.864292859141386,144.1357071408586
1717784294.0547876.png,634,346,23.110443230095303,156.8895567699047
1717783896.4294257.png,261,175,100.94822149962071,79.05177850037929
1717783990.6006205.png,134,183,122.05737573420544,57.942624265794564
1717784055.2875588.png,633,245,36.89917499613851,143.10082500386147
1717784265.098987.png,293,122,94.31302491115267,85.68697508884733
1717784264.4335501.png,11,203,138.12567533493882,41.87432466506118
1717783868.8308916.png,512,175,57.809248740247064,122.19075125975294
1717783985.3399541.png,322,144,89.65895772114115,90.34104227885885
1717783869.866235.png,634,273,33.394295480276064,146.60570451972393
1717783991.1155903.png,203,159,110.0260890941166,69.9739109058834
1717783898.769128.png,318,181,90.38324364563475,89.61675635436525
1717783991.2689595.png,222,140,106.07884856218277,73.92115143781723
1717784106.2475188.png,564,185,50.40521510548495,129.59478489451504
1717783985.3910172.png,325,150,89.13194855025446,90.86805144974554
1717783900.0117402.png,305,182,92.88158372899818,87.11841627100182
1717783901.432138.png,156,168,117.72825742231912,62.27174257768088
1717783989.932647.png,248,184,103.67130713219584,76.32869286780416
1717783955.24417.png,546,176,53.37211054329253,126.62788945670746
1717783868.938277.png,520,190,55.40771131249006,124.59228868750995
1717783898.4965687.png,260,153,100.39733352243636,79.60266647756364
1717784054.2627854.png,308,156,92.12109639666146,87.87890360333854
1717783986.8505006.png,101,153,123.81120007174819,56.18879992825181
1717783899.7777004.png,379,237,76.35276166685597,103.64723833314403
1717783900.2220488.png,275,212,99.53164556138859,80.46835443861141
1717783867.41497.png,29,225,138.77228360937983,41.227716390620174
1717783898.286539.png,145,179,120.17352002964432,59.82647997035568
1717783898.235678.png,98,181,126.5929599445028,53.407040055497205
1717783988.511515.png,287,164,95.96181010366067,84.03818989633933
1717784055.2352936.png,633,226,39.059384895496095,140.9406151045039
1717784264.9450283.png,236,157,104.57753923361749,75.42246076638251
1717784056.9348702.png,606,215,42.817369698132936,137.18263030186705
1717783991.0129519.png,181,188,115.4557279681232,64.5442720318768
1717783868.4071949.png,383,170,78.51246183472536,101.48753816527464
1717783901.7502398.png,191,160,111.95559581898054,68.04440418101946
1717783869.426656.png,567,209,47.6527336253271,132.3472663746729
1717784264.1221359.png,8,282,147.60015982608067,32.39984017391933
1717783866.313831.png,336,209,86.62114570070183,93.37885429929817
1717783951.2875612.png,220,187,108.84461544389598,71.15538455610402
1717783901.273243.png,109,196,126.61078904698017,53.38921095301983
1717783868.7248404.png,496,204,57.47510971220896,122.52489028779104
1717783901.167516.png,68,193,131.28471089457122,48.71528910542878
1717783898.132425.png,76,185,129.59478489451507,50.40521510548493
1717783898.65984.png,310,175,91.87787744728536,88.12212255271464
1717783867.569289.png,72,204,131.94130242590418,48.05869757409582
1717784126.5710747.png,623,224,40.1939484136045,139.80605158639548
1717784057.1947975.png,633,276,33.09458717592523,146.90541282407477
1717783866.0952094.png,344,228,84.55966796899449,95.44033203100551
1717783868.9921026.png,521,237,50.40379136024971,129.59620863975027
1717783951.4976144.png,192,217,115.95181701525358,64.04818298474642
1717783896.0561914.png,299,202,94.31989415365062,85.68010584634938
1717783989.830215.png,327,206,88.53655753674539,91.46344246325461
1717783989.0469067.png,370,158,81.17362904577207,98.82637095422793
1717784100.1389813.png,412,127,75.39234150635093,104.60765849364907
1717783867.2578437.png,50,228,136.97493401088198,43.02506598911802
1717783950.3059883.png,211,175,109.66572349287975,70.33427650712025
1717784055.971623.png,485,184,60.863286786147484,119.13671321385252
1717783868.8846142.png,517,185,56.26513515749324,123.73486484250677
1717783868.0392692.png,174,156,114.25715038568971,65.74284961431029
1717783866.947222.png,28,216,137.88296345253954,42.11703654746046
1717783869.0462973.png,527,185,54.94285618830261,125.05714381169739
1717783866.4197679.png,302,196,93.62657178387961,86.37342821612039
1717783865.983108.png,374,194,79.30778784471596,100.69221215528404
1717784055.132997.png,570,190,49.23639479905884,130.76360520094116
1717784054.2106092.png,317,156,90.5305013166738,89.4694986833262
1717783900.8470144.png,105,182,125.80956334774675,54.190436652253254
1717783900.6397438.png,105,207,128.22205126580096,51.77794873419904
1717784055.0820363.png,627,246,37.31519266592917,142.68480733407083
1717783866.735876.png,68,231,135.34308439952352,44.65691560047648
1717783866.9991937.png,21,245,141.834311475089,38.16568852491099
1717783951.7080076.png,150,162,118.12856761567284,61.871432384327164
1717783986.6378973.png,78,170,127.97720616442682,52.02279383557318
1717784055.1851277.png,629,254,36.18142350614976,143.81857649385023
1717783951.3933487.png,158,154,116.42427558931891,63.57572441068109
1717783896.218795.png,314,204,91.24536426676835,88.75463573323165
1717783904.0918953.png,52,186,132.3511942405414,47.64880575945861
1717783952.595053.png,44,208,135.4182099414971,44.58179005850289
1719241438.96422.png,278,258,100.71312302279104,79.28687697720896
1719241494.59479.png,92,259,135.89318032818798,44.10681967181202
1719241440.86673.png,299,271,95.73773467005643,84.26226532994357
1719241517.43093.png,229,266,113.03682984938393,66.96317015061607
1719241440.28577.png,365,291,76.6075022462489,103.3924977537511
1719241725.28852.png,342,270,84.01940047523655,95.98059952476345
1719241512.22111.png,20,333,153.8951459909007,26.104854009099313
1719241517.61802.png,151,246,125.8376529542783,54.1623470457217
1719241725.05047.png,368,262,77.5825542099237,102.4174457900763
1719241439.56138.png,288,261,98.31315533999945,81.68684466000055
1719241725.71711.png,310,241,92.39591545032174,87.60408454967826
1719241439.29934.png,250,271,108.51715218045453,71.48284781954547
1719241511.38436.png,91,275,138.1652063888104,41.83479361118961
1719241517.36030.png,254,236,105.13583550374805,74.86416449625195
1719241440.03443.png,343,281,83.40712729240576,96.59287270759424
1719241441.07281.png,338,237,85.76360520094116,94.23639479905884
1719241512.39020.png,41,289,145.60493385317153,34.39506614682847
1719241494.96915.png,127,242,129.03943834266462,50.960561657335376
1719241494.03113.png,96,238,132.78795799795165,47.21204200204835
1719257975.76608.png,21,241,141.36356823564222,38.63643176435778
1719241517.49737.png,196,229,116.29047286609267,63.70952713390733
1719241725.84067.png,116,248,131.32550047917036,48.67449952082964
1719241512.85093.png,43,280,144.16989987714555,35.83010012285445
1719241440.16348.png,382,299,71.09154311834307,108.90845688165693
1719241517.70574.png,97,247,133.7437149710437,46.25628502895631
1719241511.90725.png,26,315,150.69779251786133,29.30220748213867
1719241858.54314.png,191,226,116.92483156293986,63.07516843706014
1719241494.29283.png,99,229,131.3632111188031,48.63678888119691
1719241858.41334.png,265,236,102.70273191760525,77.29726808239475
1719241440.63126.png,366,274,77.41230661835122,102.58769338164878
1719241439.09876.png,254,281,108.34852991483048,71.65147008516952
1719241439.66331.png,270,283,104.24135874744779,75.75864125255221
1719241439.74655.png,276,284,102.65255650055798,77.34744349944202
1719241857.97090.png,308,288,93.57633437499736,86.42366562500264
1719241439.38675.png,262,270,105.43964553531926,74.56035446468074
1719241494.13051.png,117,230,129.07659852238558,50.92340147761442
1719241494.21168.png,104,234,131.28471089457122,48.71528910542878
1719241494.79711.png,131,236,127.76101095215213,52.238989047847866
1719241439.86403.png,345,279,82.91006985584478,97.08993014415522
1719241857.67514.png,311,282,92.6025622024998,87.3974377975002
1719241440.50771.png,361,277,78.5815529218009,101.4184470781991
1719257975.51631.png,70,248,137.13868257766632,42.861317422333684
1719241441.18409.png,335,221,86.68541417935651,93.31458582064349
1719241440.73961.png,391,240,73.52002671815396,106.47997328184604
1719241494.66872.png,114,244,131.11710143963631,48.882898560363685
1719241494.36489.png,129,235,127.93968806121237,52.060311938787635
1719241439.21179.png,297,251,95.73536433332465,84.26463566667535
1719241512.64389.png,25,279,145.73120690841245,34.268793091587554
1719241494.89078.png,165,231,121.90184920528125,58.09815079471875
1719257975.60601.png,70,242,136.40862873533848,43.59137126466152
1719241440.98643.png,345,255,83.6598082540901,96.3401917459099